Rodrigo	0000282-54.2016.5.09.0017	Web	06/2018	N	Honorários De Sucumbência	O art. 791-A da CLT, introduzido pela Lei 13.467/2017, não é aplicável ao caso concreto. Ainda que essa Lei tenha entrado em vigor em 11/11/2017, antes do proferimento da r. sentença, e que se aplique a teoria do isolamento dos atos processuais, não se pode olvidar que o processo é uma unidade e determinados atos irradiam seus efeitos para momentos e fases posteriores. Ora, se não havia a possibilidade da condenação em honorários advocatícios sucumbenciais no momento da propositura ação - oportunidade em que se aufere a existência e a extensão dos riscos de um novo processo -, essa circunstância deve ser levada em consideração para a fixação da condenação. Eventual desconexão entre as circunstâncias que orientaram petição inicial e a condenação em honorários advocatícios seria causa de surpresa para as partes, em afronta ao contraditório e à segurança jurídica, o que não se pode admitir. A tramitação do presente feito pelas regras antigas da CLT revela-se, então, como situação jurídica consolidada, e, por tal motivo, merece a proteção jurídica, a fim de se evitar surpresas. Aplicar as regras processuais da "reforma trabalhista" aos feitos ajuizados antes de sua vigência configura, a meu ver, ofensa direta ao devido processual legal (art. 5º, LV, da CF) e colisão com as regras dos arts 9º e 10 do CPC/2015. Isto porque o feito vem transcorrendo sob a égide das regras processuais anteriores à "reforma trabalhista", sendo impossível às partes, pela temporalidade das mudanças, antever quais regras processuais estariam vigentes à época da prolação da decisão.	A tese é da não aplicação dos honorários de sucumbência para processos ajuizados antes de 11/11/2017												
Rodrigo	0000282-54.2016.5.09.0017	Web	06/2018	N	Adicional De Insalubridade	O art. 192 da CLT estabelece que, constatado o exercício de trabalho em condições de saúde, acima dos limites de tolerância estabelecidos pelo Ministério do Trabalho, é devido ao empregado a percepção de adicional respectivamente de 40% (quarenta por cento), 20% (vinte por cento) e 10% (dez por cento) do salário-mínimo, segundo se classifiquem nos graus máximo, médio e mínimo. O adicional de insalubridade, enquanto percebido, integra a remuneração para todos os efeitos legais (Súmula 139 do TST). Segundo o disposto no art. 195 da CLT, a caracterização e a classificação da insalubridade e da periculosidade, segundo as normas do Ministério do Trabalho e Emprego, far-se-á através de perícia a cargo de Médico do Trabalho ou Engenheiro do Trabalho, devidamente registrados. Nesse sentido, as Orientações Jurisprudenciais 165 e 278 da SDI-1 do C. TST. É, assim, o laudo pericial o meio próprio para aferição da existência, ou não, de insalubridade e de periculosidade no local de trabalho. Contudo, o juiz não fica vinculado à conclusão do laudo pericial, podendo formar a sua convicção com outros elementos de prova constantes nos autos, inclusive do próprio laudo, desde que indique os motivos de seu convencimento (art. 479, CPC/2015). Logo, tendo a perita concluído que a utilização dos EPIs neutraliza o agente químico chumbo e tendo a prova testemunhal confirmado a utilização dos EPIs necessários, conforme descrito pela expert, entendo, assim como o r. Julgador, que o autor não faz jus ao adicional de insalubridade em grau máximo.													
Rodrigo	0000282-54.2016.5.09.0017	Web	06/2018	S	Honorários Periciais	a justiça gratuita isenta o beneficiário do pagamento dos honorários periciais (art. 790-B da CLT, art. 6º da IN nº 27/2005 do TST, Súmula 457 do TST) desde que fixados, a partir de janeiro de 2015, até o limite de R$ 1.302,00, conforme o PROVIMENTO PRESIDÊNCIA/CORREGEDORIA Nº 1, de 22 de janeiro de 2015, ficando ressalvado ao perito o direito de vindicar o valor de seu mister junto à Presidência deste E. Tribunal, à conta do "Programa de Trabalho Assistência Jurídica a Pessoas Carentes".													
Rodrigo	0011398-87.2016.5.09.0007	Web	05/2018	N	Honorários De Sucumbência	De acordo com o entendimento prevalecente, na reclamatória trabalhista os honorários advocatícios são devidos somente na hipótese de assistência sindical pela entidade representativa da categoria profissional, nos termos do artigo 14, da Lei nº 5.584/1970, conforme preconizado pelas súmulas nº 219 e 329, do C. TST. Tratam-se de requisitos cumulativos, conforme deixa clara a atual redação do item I, da súmula nº 219, do C. TST (alterada pela Res. 204/2016): "Na Justiça do Trabalho, a condenação ao pagamento de honorários advocatícios não decorre pura e simplesmente da sucumbência, devendo a parte, concomitantemente: a) estar assistida por sindicato da categoria profissional; b) comprovar a percepção de salário inferior ao dobro do salário mínimo ou encontrar-se em situação econômica que não lhe permita demandar sem prejuízo do próprio sustento ou da respectiva família".		No mesmo sentido, a Súmula 17, deste E. Regional: "HONORÁRIOS ADVOCATÍCIOS. JUSTIÇA DO TRABALHO. LIDES DECORRENTES DA RELAÇÃO DE EMPREGO. LEIS N. 5.584/70 E 10.537/02. O deferimento dos honorários advocatícios na Justiça do Trabalho, em lides decorrentes da relação de emprego, pressupõe o preenchimento concomitante dos requisitos da insuficiência econômica e da assistência sindical, nos moldes do disposto no art. 14, parágrafo primeiro, da Lei 5.584/1970, mesmo após a vigência da Lei 10.537/2002".											
Rodrigo	0000148-56.2017.5.09.0093	Web	05/2018	N	Honorários De Sucumbência	Quando da prolação da sentença, embora já vigente o art. 791-A da CLT (acrescido pela Lei nº 13.467/2017), tal disposição não pode ser aplicada de imediato neste caso. Por mais que as normas de Direito Processual possuam aplicação imediata, sujeitando-se ao princípio do "tempus regit actum" (art. 1.046 do CPC/2015), há a necessidade de se ressalvar que mesmo os atos processuais estão sujeitos a uma consumação, nos termos do que preveem os artigos 14 do CPC/2015 e 912 da CLT. Por isso, é necessário proceder a uma limitação à aplicação imediata das normas processuais aos processos em curso, mediante uma análise da etapa em que estes se encontrem. Não fosse isso, os honorários advocatícios não encerram questão meramente processual, uma vez que influenciam diretamente nas situações de direito material subjacentes (direito da parte e do advogado), concluindo-se pela sua natureza híbrida (instituto bifronte). À luz do princípio da causalidade, os ônus processuais são assumidos pela parte no momento do ajuizamento da ação. Isto é, a avaliação dos custos e riscos do processo é realizada de acordo com as regras em vigor à época da propositura da demanda. Deste modo, a condenação à verba sucumbencial somente poderia ser imposta nos processos iniciados após a vigência da Lei nº 13.467/2017, sob pena de violação aos princípios da segurança jurídica, devido processo legal (art. 5º, LIV, CRFB/1988) e da vedação à decisão surpresa (art. 10, CPC/2015). Assim, o entendimento que prevalece perante esta E. Primeira Turma, é no sentido de que o disposto no art. 791-A da CLT, introduzido pela Lei nº 13.467/2017, aplica-se apenas às ações ajuizadas a partir de 11/11/2017.													
Rodrigo	0000967-04.2016.5.09.0133	Web	08/2018	N	Honorários De Sucumbência	Embora já vigente o art. 791-A da CLT (acrescido pela Lei nº 13.467/2017) quando da prolação da sentença, tal disposição não pode ser aplicada de imediato neste caso. Por mais que as normas de Direito Processual possuam aplicação imediata, sujeitando-se ao princípio do "tempus regit actum" (art. 1.046 do CPC/2015), há a necessidade de se ressalvar que mesmo os atos processuais estão sujeitos a uma consumação, nos termos do que preveem os artigos 14 do CPC/2015 e 912 da CLT. Por isso, é necessário proceder uma limitação à aplicação imediata das normas processuais aos processos em curso, mediante uma análise da etapa em que estes se encontrem. Não fosse isso, os honorários advocatícios não encerram questão meramente processual, uma vez que influenciam diretamente nas situações de direito material subjacentes (direito da parte e do advogado), concluindo-se pela sua natureza híbrida (instituto bifronte). À luz do princípio da causalidade, os ônus processuais são assumidos pela parte no momento do ajuizamento da ação. Isto é, a avaliação dos custos e riscos do processo é realizada de acordo com as regras em vigor à época da propositura da demanda. Deste modo, a condenação à verba sucumbencial somente poderia ser imposta nos processos iniciados após a vigência da Lei nº 13.467/2017, sob pena de violação aos princípios da segurança jurídica, devido processo legal (art. 5º, LIV, CRFB/1988) e da vedação à decisão surpresa (art. 10, CPC/2015). Assim, o entendimento que prevalece perante esta E. Primeira Turma, é no sentido de que o disposto no art. 791-A da CLT, introduzido pela Lei nº 13.467/2017, aplica-se apenas às ações ajuizadas a partir de 11-11-2017.		Neste sentido, temos a recente edição da IN 41/2018, do C. TST, que estabelece a forma de aplicação das normas processuais: "Art. 1° A aplicação das normas processuais previstas na Consolidação das Leis do Trabalho, alteradas pela Lei nº 13.467, de 13 de julho de 2017, com eficácia a partir de 11 de novembro de 2017, é imediata, sem atingir, no entanto, situações pretéritas iniciadas ou consolidadas sob a égide da lei revogada. [...]. Art. 6º Na Justiça do Trabalho, a condenação em honorários advocatícios sucumbenciais, prevista no art. 791-A, e parágrafos, da CLT, será aplicável apenas às ações propostas após 11 de novembro de 2017 (Lei nº 13.467/2017). Nas ações propostas anteriormente, subsistem as diretrizes do art. 14 da Lei nº 5.584/1970 e das Súmulas nos 219 e 329 do TST."											
Rodrigo	0001044-35.2017.5.09.0567	Web	07/2018	N	Honorários De Sucumbência	Respeitados os fundamentos de origem, embora já vigente o art. 791-A da CLT (acrescido pela Lei nº 13.467/2017), tal disposição não pode ser aplicada de imediato neste caso. Por mais que as normas de Direito Processual possuam aplicação imediata, sujeitando-se ao princípio do "tempus regit actum" (art. 1.046 do CPC/2015), há a necessidade de se ressalvar que mesmo os atos processuais estão sujeitos a uma consumação, nos termos do que preveem os artigos 14 do CPC/2015 e 912 da CLT. Por isso, é necessário proceder uma limitação à aplicação imediata das normas processuais aos processos em curso, mediante uma análise da etapa em que estes se encontrem. Não fosse isso, os honorários advocatícios não encerram questão meramente processual, uma vez que influenciam diretamente nas situações de direito material subjacentes (direito da parte e do advogado), concluindo-se pela sua natureza híbrida (instituto bifronte). À luz do princípio da causalidade, os ônus processuais são assumidos pela parte no momento do ajuizamento da ação. Isto é, a avaliação dos custos e riscos do processo é realizada de acordo com as regras em vigor à época da propositura da demanda. Deste modo, a condenação à verba sucumbencial somente poderia ser imposta nos processos iniciados após a vigência da Lei nº 13.467/2017, sob pena de violação aos princípios da segurança jurídica e do devido processo legal (art. 5º, LIV, CRFB/1988). Assim, o entendimento que prevalece perante esta E. Primeira Turma, é no sentido de que o disposto no art. 791-A da CLT, introduzido pela Lei nº 13.467/2017, aplica-se apenas às ações ajuizadas a partir de 11/11/2017, o que não se verifica no presente caso.		Neste sentido, temos a recente edição da IN 41/2018, do C. TST, que estabelece a forma de aplicação das normas processuais: "Art. 1° A aplicação das normas processuais previstas na Consolidação das Leis do Trabalho, alteradas pela Lei nº 13.467, de 13 de julho de 2017, com eficácia a partir de 11 de novembro de 2017, é imediata, sem atingir, no entanto, situações pretéritas iniciadas ou consolidadas sob a égide da lei revogada. (...) Art. 6º Na Justiça do Trabalho, a condenação em honorários advocatícios sucumbenciais, prevista no art. 791-A, e parágrafos, da CLT, será aplicável apenas às ações propostas após 11 de novembro de 2017 (Lei nº 13.467/2017). Nas ações propostas anteriormente, subsistem as diretrizes do art. 14 da Lei nº 5.584/1970 e das Súmulas nos 219 e 329 do TST."											
Rodrigo	0001130-49.2017.5.09.0585	Web	12/2018	N	Honorários De Sucumbência	Embora tenha passado a vigorar em 11/11/2017, o art. 791-A da CLT não pode ser aplicado de imediato neste caso. Conquanto a Teoria Geral do Processo oriente que as normas de Direito Processual possuem aplicação imediata, sujeitando-se ao princípio do tempus regit actum (art. 1.046 do CPC/2015), há que se contemplar que mesmo os atos processuais estão sujeitos a uma consumação, conforme art. 14 do CPC/2015 e art. 912 da CLT. Assim, deve-se considerar que aplicação imediata das normas processuais tem limitações quando há impacto automático nos processos em curso, o que é definido conforme a etapa em que estes se encontrem. Assim, prevaleceu nesta E. Turma o entendimento de que, em razão do princípio da não surpresa, no tema "honorários advocatícios", as normas de Direito Processual do Trabalho (alteradas pela Lei nº 13.467/2017) aplicam-se apenas às ações ajuizadas a partir de 10/11/2017. 		Nessa linha é diretriz emanada do art. 6º da Instrução Normativa - TST nº 41 (Resolução nº 221), verbis: "Art. 6º Na Justiça do Trabalho, a condenação em honorários advocatícios sucumbenciais, prevista no art. 791-A, e parágrafos, da CLT, será aplicável apenas às ações propostas após 11 de novembro de 2017 (Lei nº 13.467/2017). Nas ações propostas anteriormente, subsistem as diretrizes do art. 14 da Lei nº 5.584/1970 e das Súmulas nos 219 e 329 do TST."											
Rodrigo	0001354-04.2015.5.09.0020	Web	12/2018	N	Honorários De Sucumbência	O entendimento firmado por esta Turma é no sentido de que as alterações promovidas pela Lei 13.467/17, que introduziu a figura dos honorários advocatícios de sucumbência na justiça do trabalho, alterando a redação do art. 790-A, da CLT, apenas se aplicam às ações ajuizadas após a vigência desta, em respeito à segurança jurídica e ao direito adquirido, observado o disposto no art. 5º, XXXVI, da CF ("a lei não prejudicará o direito adquirido, o ato jurídico perfeito e a coisa julgada"), art. 6º, da Lei de Introdução ao Código Civil (A lei em vigor terá efeito imediato e geral, respeitados ao ato jurídico perfeito, o direito adquirido e a coisa julgada), e art. 14, do novo CPC (A norma processual não retroagirá e será aplicável imediatamente aos processos em curso, respeitados os atos processuais praticados e as situações jurídicas consolidadas sob a vigência da norma revogada).		Também é esse o entendimento que emana do art. 6º, da IN 41/TST.											
Rodrigo	0000025-62.2016.5.09.0006	Web	12/2018	N	Honorários De Sucumbência	Portanto, condenar a parte ao pagamento de honorários sucumbenciais com base em dispositivo legal posterior ao ajuizamento da ação implica a constituição de uma obrigação que não poderia ser prevista no momento da propositura (e, por decorrência, não permitiu ao litigante sopesar os riscos envolvidos na demanda judicial), traduzindo-se, pois, em ofensa à segurança jurídica e ao princípio da vedação à decisão surpresa (art. 10 do CPC/2015).						Com a devida vênia à posição do STJ, a respeito da modificação advinda com o CPC/2015, no sentido de que a regra processual aplicável acerca dos honorários sucumbenciais deve ser aquela vigente no momento da prolação da sentença, momento processual em surge o direito à sucumbência da parte vencedora em relação à vencida (v.g. REsp 1636124/AL, Rel. Ministro Herman Benjamin, Segunda Turma, julgado em 06/12/2016, DJe 27/04/2017), as peculiaridades do processo do trabalho obstam a adoção desse entendimento na Justiça do Trabalho.							
Rodrigo	0000779-64.2017.5.09.0007	Web	12/2018	N	Honorários De Sucumbência	Em outras palavras, as alterações promovidas pela Lei 13.467/17 - norma esta que introduziu a figura dos honorários advocatícios de sucumbência na Justiça do Trabalho, alterando a redação do art. 790-A, da CLT -, apenas se aplicam às ações ajuizadas após sua vigência, em respeito à segurança jurídica e ao direito adquirido, observado o disposto no art. 5º, XXXVI, da CF ("A lei não prejudicará o direito adquirido, o ato jurídico perfeito e a coisa julgada"), art. 6º, da Lei de Introdução ao Código Civil ("A lei em vigor terá efeito imediato e geral, respeitados ao ato jurídico perfeito, o direito adquirido e a coisa julgada"), e art. 14, do novo CPC ("A norma processual não retroagirá e será aplicável imediatamente aos processos em curso, respeitados os atos processuais praticados e as situações jurídicas consolidadas sob a vigência da norma revogada").		Inclusive, dispõe o artigo 6º da Instrução Normativa nº 41 do C. TST: "Na Justiça do Trabalho, a condenação em honorários advocatícios sucumbenciais, prevista no art. 791-A, e parágrafos, da CLT, será aplicável apenas às ações propostas após 11 de novembro de 2017 (Lei nº 13.467/2017). Nas ações propostas anteriormente, subsistem as diretrizes do art. 14 da Lei 5.584/1970 e das Súmulas 219 e 329 do TST".											
Rodrigo	0000090-15.2017.5.09.0041	Web	11/2018	N	Honorários De Sucumbência	A conclusão, com esteio nas ponderosas considerações doutrinárias reproduzidas, é de que o art. 791-A da CLT, com redação dada pela Lei nº 13.467/2017, não se aplica aos processos iniciados antes de sua vigência, "visto que havia situação jurídica consolidada com base em norma de direito material vigente à época decorrente de entendimento jurisprudencial consolidado na Súmula nº 219 do TST, segundo o qual na Justiça do Trabalho, os honorários de sucumbência não decorrem pura e simplesmente da sucumbência e são devidos honorários de sucumbência apenas ao reclamante, quando sucumbente o reclamado, mesmo parcialmente" (ibid).		Em minucioso estudo a respeito da matéria, o eminente magistrado e doutrinador Eduardo Milléo Baracat (Honorários de sucumbência recíproca na Justiça do Trabalho ¿ Lei nº 13.467/2017: segurança jurídica, aplicação intertemporal e critérios de fixação, in http://www.amatra9.org.br/honorarios-de-sucumbencia-reciproca-na-justica-do-trabalho-lei-no-13-4672017-seguranca-juridica-aplicacao-intertemporal-e-criterios-de-fixacao-eduardo-milleo-baracat/) faz considerações acerca da segurança jurídica como mito, como valor, como princípio e como direito fundamental. E assevera que, conquanto prevaleça no direito processual civil brasileiro, o sistema do isolamento do ato processual, as regras processuais que aplicam esse sistema devem ser interpretadas sob os influxos dos princípios constitucionais, como o da segurança jurídica. Segue o doutrinador observando que, "de qualquer forma, a própria regra processual, no caso particular o art. 14 do CPC, atende explicitamente o comando constitucional de se respeitar o direito adquirido, o ato jurídico perfeito e a coisa julgada" e acentua que o art. 14 do CPC dispõe que a lei nova não prejudicará o ato processual realizado, nem a situação jurídica consolidada.				No que se refere ao entendimento preconizado pelo Superior Tribunal de Justiça a respeito da matéria, penso ser inaplicável, pois considera, exclusivamente, o sistema de isolamento dos atos processuais, sem interpretar a regra do art. 791-A à luz do princípio da segurança jurídica. Oportuno, a esse respeito, transcrever outro trecho do artigo já mencionado: Não há qualquer sentido a apreciação dessa questão à luz da jurisprudência do STJ, na medida em que, naquela corte, por questões de competência material (Constituição, art. 114), jamais se discutiu o cabimento dos honorários de sucumbência numa relação processual entre empregado e empregador, em que se admite o jus postulandi das partes. Adotar pura e simples entendimento do STJ, nesse tema, significaria negar todo o sistema principiológico do Direito do Trabalho, como também diminuir a importância da jurisprudência construída ao longo de décadas no âmbito do TST.							
Rodrigo	0000263-85.2018.5.09.0661	Web	10/2018	S	Honorários De Sucumbência	Ademais, destaca-se que a presente demanda foi ajuizada em 20/03/2018, após, portanto, da entrada em vigor da Lei nº. 13.467/2017, popularmente conhecida como "reforma trabalhista". Com efeito, se o reclamante é mal sucedido em sua pretensão na ação trabalhista, ajuizada após 11 de novembro de 2017, período de vigência da chamada "Reforma Trabalhista", deverá suportar o pagamento de honorários sucumbenciais, nos termos do art. 6º, da IN 41/TST. Sentença mantida. Assim, tem-se por devido os honorários advocatícios sucumbenciais, com fulcro no que dispõe o art. 791-A da CLT, na exata medida definida pela r. sentença.													
Rodrigo	0002009-60.2017.5.09.0325	Web	08/2018	N	Honorários De Sucumbência	Em simetria ao raciocínio de direito intertemporal do C. STJ, diante dos termos do art. 912 da CLT e a fim de evitar decisões surpreendentes (art. 10 do CPC/2015), este Relator entende que o tema de honorários advocatícios da nova Lei (art. 791-A da CLT, acrescido pela Lei nº 13.467/2017) se aplicará às sentenças prolatadas depois de 11/11/2017. Contudo, fico vencido quanto à adoção do critério de Direito Intertemporal baseado na data de publicação da sentença, porquanto prevaleceu nesta E. Turma o entendimento de que, em razão do princípio da não surpresa, no tema "honorários advocatícios", as normas de Direito Processual do Trabalho (alteradas pela Lei nº 13.467/2017) aplicam-se apenas às ações ajuizadas depois de 11/11/2017.		Nessa linha é diretriz emanada do art. 6º da Instrução Normativa - TST nº 41 (Resolução nº 221), verbis: "Art. 6º Na Justiça do Trabalho, a condenação em honorários advocatícios sucumbenciais, prevista no art. 791-A, e parágrafos, da CLT, será aplicável apenas às ações propostas após 11 de novembro de 2017 (Lei nº 13.467/2017). Nas ações propostas anteriormente, subsistem as diretrizes do art. 14 da Lei nº 5.584/1970 e das Súmulas nos 219 e 329 do TST."											
Rodrigo	0000937-49.2017.5.09.0095	Web	08/2018	N	Honorários De Sucumbência	Ora, se não havia a possibilidade da condenação em honorários advocatícios sucumbenciais no momento da propositura da ação - oportunidade em que se aufere a existência e a extensão dos riscos de um novo processo -, essa circunstância deve ser levada em consideração para a fixação da condenação. Eventual desconexão entre as circunstâncias que orientaram petição inicial ou defesa e a condenação em honorários advocatícios seria causa de surpresa para as partes, em afronta ao contraditório e à segurança jurídica, o que não se pode admitir. Nesse sentido, o previsto no art. 6º da Instrução Normativa 41/2018 do c. TST: "Na Justiça do Trabalho, a condenação em honorários advocatícios sucumbenciais, prevista no art. 791-A, e parágrafos, da CLT, será aplicável apenas às ações propostas após 11 de novembro de 2017 ( Lei nº 13.467/2017 ). Nas ações propostas anteriormente, subsistem as diretrizes do art. 14 da Lei nº 5.584/1970 e das Súmulas nºs 219 e 329 do TST."		O CPC/2015 trata do assunto em seu artigo 14, que determina: "A norma processual não retroagirá e será aplicável imediatamente aos processos em curso, respeitados os atos processuais praticados e as situações jurídicas consolidadas sob a vigência da norma revogada"- destaquei.		De acordo com o art. 5º, XXXVI, da Constituição Federal, "a lei não prejudicará o direito adquirido, o ato jurídico perfeito e a coisa julgada", restando resguardados seus valores e princípios de estabilidade e segurança jurídica.									
Rodrigo	0001094-67.2017.5.09.0662	Web	08/2018	N	Honorários De Sucumbência	Nos termos do Enunciado n.º 98 da 2ª Jornada de Direito Material e Processual do Trabalho promovida pela ANAMATRA: "Honorários de sucumbência. Inaplicabilidade aos processos em curso. Em razão da natureza híbrida das normas que regem honorários advocatícios (material e processual, a condenação à verba sucumbencial só poderá ser imposta nos processos iniciados após a entrada em vigor da Lei 13.467/2017, haja vista a garantia de não surpresa, bem como em razão do princípio da causalidade, uma vez que a expectativa de custos e riscos é aferida no momento da propositura da ação."		Mais recentemente o E. TST aprovou a Instrução Normativa de Nº 41/2018 - a qual dispõe sobre a aplicação das normas processuais da Consolidação das Leis do Trabalho alteradas pela Lei nº 13.467/2017 - que traz em seu artigo 6º o seguinte: "Na Justiça do Trabalho, a condenação em honorários advocatícios sucumbenciais, prevista no art. 791-A, e parágrafos, da CLT, será aplicável apenas às ações propostas após 11 de novembro de 2017 (Lei nº 13.467/2017). Nas ações propostas anteriormente, subsistem as diretrizes do art. 14 da Lei nº 5.584/1970 e das Súmulas nº 219 e 329 do TST.".											
Rodrigo	0001916-08.2017.5.09.0678	Web	08/2018	N	Honorários De Sucumbência	A aplicação da Lei nº. 13.467/2017 é imediata em relação às normas de índole processual. Nesse sentido, o entendimento que prevalece no âmbito deste E. colegiado é o de que a alteração em relação ao princípio da sucumbência somente tem aplicabilidade em face dos processos novos, entendidos como sendo aqueles após a vigência da nova legislação.													
Rodrigo	0011963-54.2016.5.09.0006	Web	08/2018	N	Honorários De Sucumbência	Portanto, condenar a parte ao pagamento de honorários sucumbenciais com base em dispositivo legal posterior ao ajuizamento da ação implica a constituição de uma obrigação que não poderia ser prevista no momento da propositura (e, por decorrência, não permitiu ao litigante sopesar os riscos envolvidos na demanda judicial), traduzindo-se, pois, em ofensa à segurança jurídica e ao princípio da vedação à decisão surpresa (art. 10 do CPC/2015).						Com a devida vênia à posição do STJ, a respeito da modificação advinda com o CPC/2015, no sentido de que a regra processual aplicável acerca dos honorários sucumbenciais deve ser aquela vigente no momento da prolação da sentença, momento processual em surge o direito à sucumbência da parte vencedora em relação à vencida (v.g. REsp 1636124/AL, Rel. Ministro Herman Benjamin, Segunda Turma, julgado em 06/12/2016, DJe 27/04/2017), as peculiaridades do processo do trabalho obstam a adoção desse entendimento na Justiça do Trabalho. Diferentemente da justiça comum, anteriormente à Lei nº 13.467/2017, não havia previsão de pagamento de honorários de sucumbência no processo trabalhista. A mudança na temática, a propósito, acarretou a reformulação das exigências relativas à própria propositura da reclamatória (art. 840 da CLT).							
Rodrigo	0001391-97.2016.5.09.0892	Web	05/2018	N	Honorários De Sucumbência	Nesse sentido, leciona José Affonso Dallegrave Neto, em artigo doutrinário, (In)aplicabilidade imediata das novas regras processuais e dos honorários de sucumbência recíprocas no processo trabalhista, no sentido de que "os novos dispositivos jamais poderão surpreender e prejudicar as partes, sob pena de ofensa ao princípio da segurança jurídica" (Reforma trabalhista ponto a ponto: estudos em homenagem ao professor Luiz Eduardo Gunther/ José Affonso Dallegrave Neto, Ermani Kajota, coordenadores. São Paulo: LTr, 2018, p. 280).		Como bem observa, ademais, o doutrinador Mauro Schiavi, em seu Manual de Direito Processual do Trabalho (São Paulo: LTr, 2018, p. 184): "Em que pesem os entendimentos em sentido contrário, de nossa parte os honorários de sucumbência, custas processuais e responsabilidade por honorários periciais, da forma prevista na nova lei, somente serão aplicáveis aos processos propostos após a entrada em vigor da Lei n. 13.467-17, pois provocam significativas mudanças no sistema processual trabalhista e podem provocar um grande prejuízo às partes, além de provocar grande insegurança jurídica, pois à época da propositura da ação, não era possível antever que a Lei seria alterada."											
Rodrigo	0010780-39.2016.5.09.0009	Web	05/2018	N	Honorários De Sucumbência	Com os olhos fitos na prudência e no primado da previsibilidade da prestação jurisdicional, entende-se, portanto, que as regras alusivas aos honorários advocatícios de sucumbência, introduzidas pela Lei nº 13.467/2017, incidem apenas nos processos instaurados a partir de 11.11.17, quando se iniciou a vigência do referido diploma legal.		Conquanto as normas de direito processual introduzidas pela Lei nº 13.467/17 tenham aplicação imediata nos processos em curso, à luz da teoria do isolamento dos atos processuais consagrada no art. 14 do CPC/2015, entende-se que as regras concernentes aos honorários de sucumbência, por tratarem de instituto de natureza jurídica bifronte, material-processual, destoam dessa diretriz. Firme nas lições dos mestres Giuseppe Chiovenda e Cândido Rangel Dinamarco, elucida-se que institutos jurídicos de índole híbrida, a exemplo dos honorários sucumbenciais, possuem interface tanto no direito material como no direito processual, e, por isso, não se amoldam com placidez à diretriz de direito intertemporal aplicável às regras processuais, prevista no art. 14 do CPC/15.											
Rodrigo	0001168-45.2017.5.09.0073	Web	05/2018	N	Honorários De Sucumbência	Neste sentido o seguinte aresto proveniente desta C, Turma, o qual explicita o entendimento predominante e cujos fundamentos utilizo como razão de decidir: JUSTIÇA DO TRABALHO. HONORÁRIOS ADVOCATÍCIOS DE SUCUMBÊNCIA. AÇÕES AJUIZADAS ANTES DA LEI 13.467/17. INAPLICABILIDADE. As alterações promovidas pela Lei 13.467/17, que introduziu a figura dos honorários advocatícios de sucumbência na justiça do trabalho, alterando a redação do art. 790-A, da CLT, apenas se aplicam às ações ajuizadas após a vigência desta, em respeito à segurança jurídica, observado o disposto no art. 5º, XXXVI, da CF, art. 6º, da Lei de Introdução ao Código Civil e art. 14, do novo CPC. Tem-se em conta que na aplicação do CPC anterior já se previa e disciplinava a respeito de honorários advocatícios de sucumbência, situação que difere da aqui analisada, considerando que até a entrada em vigência da Lei 13.467/2017, tratando de ações trabalhistas propriamente ditas, inexistia norma legal prevendo aplicação de honorários advocatícios na justiça do trabalho. A avaliação dos custos e riscos da reclamatória trabalhista é feita no momento do ajuizamento da ação e apresentação da defesa, de modo que não se apresenta razoável que a parte que ajuizou ou apresentou defesa na vigência da lei anterior, que não previa responsabilidade pelo pagamento de honorários advocatícios de sucumbência, seja surpreendida e onerada com condenação a tal título, o que implicaria violação aos princípios de segurança jurídica. Embargos de declaração a que se nega provimento (TRT-PR-41067-2013-010-09-00-5-ACO-02534-2018 - 5A. TURMA - Relator: ARCHIMEDES CASTRO CAMPOS JUNIOR - Publicado no DEJT em 09-02-2018).		À época do ajuizamento da ação (02/10/2017) não havia fixação de honorários de sucumbência nas ações trabalhistas, aplicando-se apenas a Lei 5.584/70, que trata de honorários por assistência sindical. Os honorários advocatícios por sucumbência recíproca (art. 791-A, § 3º, CLT) aplicam-se apenas para as ações ajuizadas após a vigência da 13.467/2017, não alcançando, assim, a presente ação.											
Rodrigo	0000878-07.2016.5.09.0965	Web	03/2018	N	Honorários De Sucumbência	Aplicar as regras processuais da "reforma trabalhista" aos feitos já instruídos configura, a meu ver, ofensa direta ao devido processual legal (art. 5º, LV, da CF) e colisão com as regras dos arts 9º e 10 do CPC/2015. Isto porque o feito vem transcorrendo sob a égide das regras processuais anteriores à "reforma trabalhista", sendo impossível às partes, pela temporalidade das mudanças, antever quais regras processuais vigentes à época da prolação da decisão.		De acordo com o art. 5º, XXXVI, da Constituição Federal, "a lei não prejudicará o direito adquirido, o ato jurídico perfeito e a coisa julgada", restando resguardados seus valores e princípios de estabilidade e segurança jurídica. O CPC/2015 trata do assunto em seu artigo 14, que determina: "A norma processual não retroagirá e será aplicável imediatamente aos processos em curso, respeitados os atos processuais praticados e as situações jurídicas consolidadas sob a vigência da norma revogada".		Precisamente nesse sentido, leciona Rodrigo Arantes Cavalvante, na obra "Reforma Trabalhista: comentada artigo por artigo: de acordo com Princípios, Constituição Federal e Tratados Internacionais" (São Paulo: LTr, 2017, p. 146): (...). muito embora a lei passe a ter efeito imediato, e temos o princípio do tempus regit actum, é necessário que se observe a proibição de sua aplicação a fatos e termos processuais pretéritos. Contudo, o processo se dá por diversos atos processuais e alguns ainda que praticados no início do processo se irradiam ou possuem relação direta de interdependência com os demais. Para esta situação deve ser aplicada a teoria do isolamento dos atos processuais. Por exemplo, ao ingressar com a reclamação trabalhista na vigência da antiga CLT não era necessário no procedimento ordinário apresentar pedido líquido, nem se tinha a possibilidade de condenação em honorários de sucumbência quanto aos pedidos lá postos. Assim, pensamos que neste caso específico, há relação direta entre a causa de pedir, pedidos e honorários sucumbenciais que antes não eram previstos, tendo sido o processo distribuído sem este risco de condenação das partes, logo sequer houve contraditório prévio sobre tal questão, já que sequer era existente este direito na época da propositura da ação. Portanto, existe vínculo muito acentuado entre os atos processuais que foram praticados na vigência da antiga lei e os consequentes da Lei da Reforma, tanto que o ato anterior passaria a outorgar direito às partes, de modo que, pensamos que não pode haver essa vinculação da nova lei para circunstâncias como estas de processos em curso, mas apenas para os processos distribuídos a partir de 11.11.2017, já que nestes sim havia o contraditório prévio inclusive. Com isso, pensamos que estaria preservada a eficácia do ato processual já praticado, já que não poderia irradiar efeitos de ordem material para as partes no futuro, por ser anteriormente inexistentes suas consequências processuais. Por este pensamento, então, teríamos que verificar as normas processuais trazidas na nova lei, e vendo que para sua aplicação haja relação de dependência com atos processuais anteriores, bem como que sua aplicação poderá onerar as partes sem que houvesse na época do fato inicial tal possibilidade, a nova regra deverá ser afastada respeitando o contraditório efetivo, bem como a máxima que a lei não pode retroagir para prejudicar, além da segurança jurídica. Outra norma constitucional que restaria preservada com este entendimento seria a garantia do devido processo legal, seja ele formal ou devido processo legal substancial e o princípio da legalidade, já que estaríamos privando as partes de seus bens com a condenação da sucumbência sem que houvesse regramento anterior a este respeito, posto que a nova regra processual de fato também tem característica de direito material.									
Rodrigo	0000135-39.2018.5.09.0411	Download	12/2018	S	Honorários De Sucumbência	Quanto ao recurso do réu, conforme exposto pelo Exmo. Revisor, Des. Paulo Ricardo Pozzolo, "a matéria foi regulada pela CLT de forma distinta, ou seja, a petição inicial passou a ser líquida, portanto, a sucumbência do autor será, em cada pedido, a diferença entre o valor apontado na petição inicial e o apurado em liquidação de sentença, critério objetivo que não autoriza a aplicação subsidiária do CPC" Devido, portanto, provimento parcial ao recurso da ré, para determinar que os honorários devidos pelo autor sejam fixados no importe de 10% sobre a diferença entre o valor apontado em inicial e o apurado em liquidação de sentença.		Trata-se de reclamatória trabalhista contendo, basicamente, quatro pedidos principais, no valor total de R$ 50.270,47, na qual foi necessária de produção e exame de prova oral e documental. Assim, considerando-se os parâmetros fixados pelo art. 791-A da CLT, quais sejam, o grau de zelo do profissional, o lugar de prestação de serviço, a natureza e a importância da causa, o trabalho realizado pelo advogado e o tempo exigido para o seu serviço, entende-se que o arbitramento dos honorários de sucumbência aos procuradores do reclamante, no importe de 10% (dez por cento) sobre o valor de liquidação da sentença, mostra-se mais compatível com os parâmetros mencionados. O valor mínimo, de 5% (cinco por cento), deve se restringir às demandas de menor complexidade, que envolvem, por exemplo, contratos de trabalho de duração inferior a um ano, com número reduzido de pedidos e nas quais, por exemplo, não haja necessidade de apresentação de demonstrativos e de produção de prova oral, o que não é caso dos autos.		Assim, aplicável ao caso o disposto no art. 791-A da CLT, conforme orientação do C. TST exarada no artigo 6º da Instrução Normativa nº 41/2018, aprovada pela Resolução nº 221, de 21/06/2018: "Na Justiça do Trabalho, a condenação em honorários advocatícios sucumbenciais, prevista no art. 791-A, e parágrafos, da CLT, será aplicável apenas às ações propostas após 11 de novembro de 2017 (Lei nº 13.467/2017). Nas ações propostas anteriormente, subsistem as diretrizes do art. 14 da Lei nº 5.584/1970 e das Súmulas nº 219 e 329 do TST".		Ressalte-se, por fim, que a CLT possui regras próprias e específicas sobre a matéria, inaplicável, subsidiariamente, o disposto no §11 do art. 85 do NCPC, que determina que: "O tribunal, ao julgar recurso, majorará os honorários fixados anteriormente levando em conta o trabalho adicional realizado em grau recursal, observando, conforme o caso, o disposto nos §§ 2º a 6º, sendo vedado ao tribunal, no cômputo geral da fixação de honorários devidos ao advogado do vencedor, ultrapassar os respectivos limites estabelecidos nos §§ 2º e 3º para a fase de conhecimento". Nesse sentido, já lecionava o eminente doutrinador Manoel Antônio Teixeira Filho, antes mesmo da vigência da Lei 13.467/2017: "A norma, a nosso ver, é inaplicável à Justiça do Trabalho, em que os honorários, quando cabíveis, não são calculados com fulcro em atos ou fases processuais, mas no valor da condenação. Assim também entendemos em relação às causas que não decorram de relação de emprego, mas sejam da competência dessa Justiça Especializada" (Comentários ao novo código de processo civil sob a perspectiva do processo do trabalho. São Paulo: LTr, 2015, p. 105).							
Rodrigo	0000866-90.2017.5.09.0016	Download	12/2018	S	Honorários De Sucumbência	Quanto ao pedido de condenação do autor em honorários sucumbenciais, formulado em defesa (fl. 350), não houve sua análise na r. sentença e a ré não apresentou embargos de declaração para suprir a omissão quanto ao ponto, pelo que a matéria não restou apreciada na instância primeira, impedindo a apreciação por esta Corte, sob pena de supressão de instância. Ressalte-se que, diante de tal circunstância omissiva, cabia à parte, obrigatoriamente, a apresentação de embargos de declaração sobre a matéria, nos termos do artigo 897-A da CLT, a fim de evitar a preclusão temporal. Entretanto, quedou-se inerte, sendo que sua primeira manifestação nos autos acerca do ponto foi com a interposição de recurso ordinário, o que impede sua apreciação por esta instância julgadora. Com isso, este Colegiado encontra-se impossibilitado de adentrar no mérito da matéria, sob pena de configuração da chamada "supressão de instância", e evidentemente, nulidade do presente julgado.													
Rodrigo	0000729-95.2018.5.09.0009	Download	12/2018	S	Honorários De Sucumbência	Com efeito, uma vez que a presente reclamatória foi ajuizada em 09/08/2018, quando já vigente a Lei 13.467/17, e tendo em vista os termos em que veiculada a insurgência recursal, mantenho a r, sentença.													
Rodrigo	0011142-10.2016.5.09.0084	Download	12/2018	N	Honorários De Sucumbência	Assim, em virtude a data de ajuizamento da demanda (28/07/2016), anterior à vigência da Lei nº 13.467/17, a concessão e a prestação de assistência judiciária, abrangidos os honorários advocatícios, serão analisadas consoante balizas trazidas pela Lei n.º 5.584/70, com interpretação conferida pela Súmula 219 do C. TST, ainda não revogada, inclusive. No caso, consta dos autos a declaração de hipossuficiência econômica da parte autora (fl. 11), que se presume verdadeira nos termos do artigo 99, §3º do CPC, porque não infirmada pelos demais elementos do caderno processual. Contudo, o instrumento de mandato de (fl. 14) demonstra que a parte autora não se encontra assistida por entidade sindical, razão pela qual se faz indevida a verba honorária.		ENUNCIADO 98 - HONORÁRIOS DE SUCUMBÊNCIA. INAPLICABILIDADE AOS PROCESSOS EM CURSO Em razão da natureza híbrida das normas que regem honorários advocatícios (material e processual), a condenação à verba sucumbencial só poderá ser imposta nos processos iniciados após a entrada em vigor da lei 13.467/2017, haja vista a garantia de não surpresa, bem como em razão do princípio da causalidade, uma vez que a expectativa de custos e riscos é aferida no momento da propositura da ação. O C. TST também se já pronunciou a respeito do tema no art. 6º da Instrução Normativa nº 41/2018: Art. 6º Na Justiça do Trabalho, a condenação em honorários advocatícios sucumbência, prevista no art. 791-A, e parágrafos, da CLT, será aplicável apenas às ações propostas após 11 de novembro de 2017 (Lei nº 13.467/2017). Nas ações propostas anteriormente, subsistem as diretriz do art. 14 de Lei nº 5.584/1970 e das Súmulas nº 219 e 329 da TST.		No mesmo sentido, o entendimento manifestado no RO 46511-2015-014-09-00-6, de Relatoria do Exmo. Des. Luiz Eduardo Gunther.									
Rodrigo	0011236-29.2016.5.09.0028	Download	12/2018	N	Honorários De Sucumbência	Após a entrada em vigor da Lei nº 13.467/17, ocorrida em 11-11-2017, prevalece, nesta E. Turma, o entendimento de que deve-se considerar a data do ajuizamento da Ação Trabalhista para a aplicação, ou, não, da nova legislação, evitando-se, assim, decisões surpresas (vedadas pelo artigo 10 do CPC/2015), bem como a violação dos princípios do devido processo legal e do contraditório.													
Rodrigo	0010838-43.2016.5.09.0041	Download	12/2018	N	Honorários De Sucumbência	Também nesse sentido, é a Súmula Regional nº 17: "HONORÁRIOS ADVOCATÍCIOS. JUSTIÇA DO TRABALHO. LIDES DECORRENTES DA RELAÇÃO DE EMPREGO. LEIS N. 5.584/70 E 10.537/02. O deferimento dos honorários advocatícios na Justiça do Trabalho, em lides decorrentes da relação de emprego, pressupõe o preenchimento concomitante dos requisitos da insuficiência econômica e da assistência sindical, nos moldes do disposto no art. 14, parágrafo primeiro, da Lei 5.584/1970, mesmo após a vigência da Lei 10.537/2002". Na hipótese dos autos, apesar de haver declaração de hipossuficiência econômica (fl. 27), a reclamante não se encontra assistida pelo sindicato representante da sua categoria profissional (fl. 25), desatendendo, por isso, a um dos requisitos previstos no referido diploma legal e verbetes sumulares.		Outrossim, o artigo 14, da Lei 5.584/1970, não foi revogado, conforme entendimento deste e. Regional, conforme decisão publicada em 29/09/2009, nos autos de RO 03673-2005-003-09-00-4, em que funcionou como relator o Exmo. Des. Sérgio Murilo Rodrigues Lemos, que peço vênia para transcrever como parte desta fundamentação: "HONORÁRIOS ADVOCATÍCIOS - REQUISITOS - REVOGAÇÃO - REPRISTINAÇÃO DE DISPOSITIVOS DA LEI 5.584/1970 - LEI Nº 10.288/2001 - LEI Nº 10.537/2002 - Ainda que se entenda que a Lei nº 10.288/2001 (que introduziu o § 10 do artigo 789 da CLT) tenha derrogado o § 1º do artigo 14 da Lei nº 5.584/1970 por incompatibilidade, já que alterou o limite para a concessão da assistência judiciária gratuita de dois para cinco salários mínimos, e que este parágrafo (§ 1º do artigo 14 da Lei nº 5.584/1970) não teria sido repristinado pela Lei nº 10.537/2002 (que excluiu do ordenamento o mencionado § 10 do artigo 789 da CLT), tal raciocínio não alcança o caput do artigo 14 da Lei nº 5.584/1970. Isto porque neste dispositivo (caput), ao contrário do seu § 1º, não há disposição incompatível com o § 10 do artigo 789 da CLT. Assim, o caput do artigo 14 da Lei nº 5.584/1970 não pode ser considerado revogado pela Lei nº 10.288/2001, a qual apenas procedeu uma integração à norma do caput do artigo 14 da Lei nº 5.584/1970. O § 10 do artigo 789 da CLT, ao mencionar a assistência judiciária ao 'trabalhador desempregado' e ao trabalhador de baixa renda, estabeleceu disposição específica a par da geral ('trabalhador' em sentido amplo) constante no caput do artigo 14 da Lei nº 5.584/1970. Logo, neste particular, houve incidência do § 2º do artigo 2º da Lei de Introdução ao Código Civil (LICC) e não do § 1º do artigo 2º da LICC. Portanto, o referido dispositivo (caput do artigo 14 da Lei nº 5.584/1970) permaneceu em vigência, mesmo com o advento das referidas leis (Lei nº 10.288/2001 e Lei nº 10.537/2002). Logo, não se trata de hipótese de repristinação (artigo 2º, § 3º, da LICC), já que sequer houve revogação. Por esta razão ainda prevalece o entendimento de que um dos requisitos para a concessão dos honorários advocatícios, é a assistência do sindicato da categoria profissional. Vale destacar que este entendimento está sedimentado Orientação Jurisprudencial nº 305 da SDI-I do TST, que foi publicada no Diário da Justiça em 11.08.2003. Ou seja, após o advento da Lei nº 10.537/2002, confirmando que o entendimento ora esposado ainda prevalece, não obstante toda a discussão acerca da revogação e repristinação dos mencionados dispositivos da Lei nº 5.584/1970."											
Rodrigo	0000879-34.2017.5.09.0002	Download	12/2018	N	Honorários De Sucumbência	Não são devidos honorários advocatícios, na Justiça do Trabalho, em Ações Trabalhistas típicas, ajuizadas antes do advento da Lei nº 13.467/17 (com vigência a partir de 11-11-2017), como no caso, a não ser quando estejam presentes os requisitos da Lei nº 5.584/1970 (Súmulas nº 219 e 329, ambas, do C. TST).													
Rodrigo	0000440-74.2017.5.09.0664	Download	12/2018	N	Honorários De Sucumbência	Assim, em virtude a data de ajuizamento da demanda (07/04/2017), anterior à vigência da Lei nº 13.467/17, a concessão e a prestação de assistência judiciária, abrangidos os honorários advocatícios, serão analisadas consoante balizas trazidas pela Lei n.º 5.584/70, com interpretação conferida pela Súmula 219 do C. TST, ainda não revogada, inclusive. No caso, consta dos autos a declaração de hipossuficiência econômica do autor (fl. 24), que se presume verdadeira nos termos do artigo 99, §3º do CPC, porque não infirmada pelos demais elementos do caderno processual. Contudo, o instrumento de mandato de fl. 27  demonstra que a parte autora não se encontra assistida por entidade sindical, razão pela qual se faz indevida a verba honorária.		ENUNCIADO 98 - HONORÁRIOS DE SUCUMBÊNCIA. INAPLICABILIDADE AOS PROCESSOS EM CURSO Em razão da natureza híbrida das normas que regem honorários advocatícios (material e processual), a condenação à verba sucumbencial só poderá ser imposta nos processos iniciados após a entrada em vigor da lei 13.467/2017, haja vista a garantia de não surpresa, bem como em razão do princípio da causalidade, uma vez que a expectativa de custos e riscos é aferida no momento da propositura da ação.		No mesmo sentido, o entendimento manifestado no RO 46511-2015-014-09-00-6, de Relatoria do Exmo. Des. Luiz Eduardo Gunther.									
Rodrigo	0000608-97.2018.5.09.0678	Download	12/2018	S	Honorários De Sucumbência	-													
Rodrigo	0000155-58.2016.5.09.0004	Download	11/2018	N	Honorários De Sucumbência	Segundo o item I da Súmula 219 do E. TST: "Na Justiça do Trabalho, a condenação ao pagamento de honorários advocatícios não decorre pura e simplesmente da sucumbência, devendo a parte, concomitantemente: a) estar assistida por sindicato da categoria profissional; b) comprovar a percepção de salário inferior ao dobro do salário mínimo ou encontrar-se em situação econômica que não lhe permita demandar sem prejuízo do próprio sustento ou da respectiva família. (art.14,§1º, da Lei nº 5.584/1970). (ex-OJ nº 305da SBDI-I)." No caso, a Autora não preenche os requisitos para o deferimento dos honorários de advogado, pois não se encontra assistida pela entidade sindical profissional (vide procuração de ID. 2452152). Nesse sentido é a Súmula 17 deste E. Tribunal: "HONORÁRIOS ADVOCATÍCIOS. JUSTIÇA DO TRABALHO. LIDES DECORRENTES DA RELAÇÃO DE EMPREGO. LEIS N. 5.584/70 E 10.537/02. O deferimento dos honorários advocatícios na Justiça do Trabalho, em lides decorrentes da relação de emprego, pressupõe o preenchimento concomitante dos requisitos da insuficiência econômica e da assistência sindical, nos moldes do disposto no art. 14, parágrafo primeiro, da Lei 5.584/1970, mesmo após a vigência da Lei 10.537/2002".		Quanto aos honorários de sucumbência previstos na Lei 13.467/2017, estes só têm aplicação aos processos ajuizados após a sua vigência, tendo em vista o princípio da segurança jurídica. Os riscos da demanda eram outros antes da reforma implementada. Nesse sentido foi a tese aprovada na 7ª Semana Institucional da Magistratura Trabalhista da 9ª Região, com os seguintes fundamentos: "o art. 791-A deverá ser interpretado em consonância com o art. 840, § 1º, da CLT, que estabeleceu que a petição inicial deverá indicar os valores dos pedidos; ademais, a nova lei processual não pode surpreender a parte; era certo que nas ações ajuizadas até 11/11/2017 o autor da ação não estava sujeito à sucumbência, muito menos à sucumbência parcial".		Não é outro o entendimento do E. TST, conforme IN nº 41/2018, art. 6º: "Na Justiça do Trabalho, a condenação em honorários advocatícios sucumbenciais, prevista no art. 791-A, e parágrafos, da CLT, será aplicável apenas às ações propostas após 11 de novembro de 2017 (Lei nº 13.467/2017). Nas ações propostas anteriormente, subsistem as diretrizes do art. 14 da Lei nº 5.584/1970 e das Súmulas nos 219 e 329 do TST".									
Rodrigo	0000745-19.2017.5.09.0095	Download	11/2018	N	Honorários De Sucumbência	Logo, ainda que aplicável a teoria do isolamento dos atos processuais à Lei 13.467/2017, a criação de novas obrigações quanto aos honorários advocatícios, com explícita repercussão na esfera patrimonial das partes, não pode ser aplicada aos processos já em curso quando da sua entrada em vigor (11/11/2017). Por isso, ajuizada a presente demanda 09/06/2017, de honorários sucumbenciais com fulcro na nova Lei não se cogita.		Nesse sentido, a jurisprudência do C. TST: "(...) HONORÁRIOS ADVOCATÍCIOS. AUSÊNCIA DE ASSISTÊNCIA SINDICAL. A Corte Regional deferiu o pedido de pagamento de honorários advocatícios sem que o reclamante estivesse assistido por sindicato da categoria. Até a edição da Lei 13.467/2017, o deferimento dos honorários advocatícios na Justiça do Trabalho estava condicionado ao preenchimento cumulativo dos requisitos previstos no art. 14 da Lei 5.584/70 e sintetizados na Súmula nº 219, I, desta Corte (sucumbência do empregador, comprovação do estado de miserabilidade jurídica do empregado e assistência do trabalhador pelo sindicato da categoria). A Lei 13.467/2017 possui aplicação imediata no que concerne às regras de natureza processual, contudo, a alteração em relação ao princípio da sucumbência só tem aplicabilidade aos processos novos, uma vez que não é possível sua aplicação aos processos que foram decididos nas instâncias ordinárias sob o pálio da legislação anterior e sob a qual se analisa a existência de violação literal de dispositivo de lei federal. Verificada contrariedade ao entendimento consagrado na Súmula n.º 219, I, do TST. Recurso de revista de que se conhece e a que se dá provimento." (Processo: RR - 20192-83.2013.5.04.0026 Data de Julgamento: 06/12/2017, Relatora Desembargadora Convocada: Cilene Ferreira Amaro Santos, 6ª Turma, Data de Publicação: DEJT 15/12/2017).		Precisamente nesse sentido, leciona Rodrigo Arantes Cavalcante, na obra "Reforma Trabalhista: comentada artigo por artigo: de acordo com Princípios, Constituição Federal e Tratados Internacionais" (São Paulo: LTr, 2017, p. 146): (...). muito embora a lei passe a ter efeito imediato, e temos o princípio do tempus regit actum, é necessário que se observe a proibição de sua aplicação a fatos e termos processuais pretéritos. Contudo, o processo se dá por diversos atos processuais e alguns ainda que praticados no início do processo se irradiam ou possuem relação direta de interdependência com os demais. Para esta situação deve ser aplicada a teoria do isolamento dos atos processuais. Por exemplo, ao ingressar com a reclamação trabalhista na vigência da antiga CLT não era necessário no procedimento ordinário apresentar pedido líquido, nem se tinha a possibilidade de condenação em honorários de sucumbência quanto aos pedidos lá postos. Assim, pensamos que neste caso específico, há relação direta entre a causa de pedir, pedidos e honorários sucumbenciais que antes não eram previstos, tendo sido o processo distribuído sem este risco de condenação das partes, logo sequer houve contraditório prévio sobre tal questão, já que sequer era existente este direito na época da propositura da ação. Portanto, existe vínculo muito acentuado entre os atos processuais que foram praticados na vigência da antiga lei e os consequentes da Lei da Reforma, tanto que o ato anterior passaria a outorgar direito às partes, de modo que, pensamos que não pode haver essa vinculação da nova lei para circunstâncias como estas de processos em curso, mas apenas para os processos distribuídos a partir de 11.11.2017, já que nestes sim havia o contraditório prévio inclusive. Com isso, pensamos que estaria preservada a eficácia do ato processual já praticado, já que não poderia irradiar efeitos de ordem material para as partes no futuro, por ser anteriormente inexistentes suas consequências processuais. Por este pensamento, então, teríamos que verificar as normas processuais trazidas na nova lei, e vendo que para sua aplicação haja relação de dependência com atos processuais anteriores, bem como que sua aplicação poderá onerar as partes sem que houvesse na época do fato inicial tal possibilidade, a nova regra deverá ser afastada respeitando o contraditório efetivo, bem como a máxima que a lei não pode retroagir para prejudicar, além da segurança jurídica. Outra norma constitucional que restaria preservada com este entendimento seria a garantia do devido processo legal, seja ele formal ou devido processo legal substancial e o princípio da legalidade, já que estaríamos privando as partes de seus bens com a condenação da sucumbência sem que houvesse regramento anterior a este respeito, posto que a nova regra processual de fato também tem característica de direito material.									
Rodrigo	0000114-69.2018.5.09.0021	Download	11/2018	S	Honorários De Sucumbência	Os artigos 790-B, caput e 791-A, §4º, ambos da CLT, não obstam o acesso do empregado à justiça, já que não exclui a possibilidade de deferimento dos benefícios da justiça gratuita aos hipossuficientes ou restringe o acesso ao Poder Judiciário.													
Rodrigo	0001131-95.2016.5.09.0673	Download	10/2018	N	Honorários De Sucumbência	Conforme facilmente se extrai da leitura do acórdão embargado, não obstante a apreciação dos recursos ordinários ter ocorrido após a vigência da Lei nº 13.467/2017, conhecida como Reforma Trabalhista, as referidas alterações materiais ou processuais com efeitos materiais são inaplicáveis aos processos ajuizados antes de 11.11.2017 (início da vigência da Lei nº 13.467/2017), caso da presente demanda, ajuizada em 19.08.2016.													
Rodrigo	0001527-92.2017.5.09.0073	Download	10/2018	N	Honorários De Sucumbência	Nesses casos, nos termos do artigo 6º da Instrução Normativa 41 do C. TST, que dispõe sobre a aplicação das normas processuais da Consolidação das Leis do Trabalho alteradas pela Lei 13.467/2017, "Na Justiça do Trabalho, a condenação em honorários advocatícios sucumbenciais, prevista no art. 791-A, e parágrafos, da CLT, será aplicável apenas às ações propostas após 11 de novembro de 2017 (Lei nº 13.467/2017). Nas ações propostas anteriormente, subsistem as diretrizes do art. 14 da Lei 5.584/1970 e das Súmulas 219 e 329 do TST". Em tendo sido ajuizada a ação em 09/11/2017, devem ser aplicadas as regras do art. 14 da Lei 5.584/1970 e das Súmulas 219 e 329 do TST, não se aplicando o princípio da sucumbência.													
Rodrigo	0001278-19.2016.5.09.0513	Download	10/2018	N	Negociado Sobre Legislado	Enfatize-se, ainda, que o disposto no parágrafo único do art. 611-B da CLT, introduzido pela Lei 13.467/2017 ("Regras sobre duração do trabalho e intervalos não são consideradas como normas de saúde, higiene e segurança do trabalho para os fins do disposto neste artigo.") não estava vigente à época das violações contatadas, não podendo ser aplicado retroativamente. Nesse contexto, não se aplicam quaisquer das disposições de direito material oriundas da Lei 13.467/2017, vez que não vigiam à época da relação de direito material trabalhista. Entendimento contrário resultaria em produção dos efeitos da norma sob relações jurídicas já consolidadas sob a égide da lei revogada, violando o princípio da segurança jurídica (art. 5º, XXXVI da CF), consectário que é o princípio da irretroatividade das normas.													
Rodrigo	0001269-29.2017.5.09.0026	Download	11/2018	S	Negociado Sobre Legislado	Esta c. 4ª Turma já enfrentou questão envolvendo a mesma reclamada, com a mesma norma pactuada pela ré, ocasião em que pacificou o entendimento no sentido de que "a negociação do instrumento coletivo em tela foi realizada por intermédio de sindicato profissional com consistente representatividade e legitimidade no contexto da categoria, bem como possuidor de tradicional experiência em tratativas de índole coletiva, o que reforça a validade do aludido acordo coletivo no particular."													
Rodrigo	0000616-89.2018.5.09.0091	Download	12/2018	S	Negociado Sobre Legislado	Contudo, após o início de vigência da Lei nº 13.467/2017, com a alteração legislativa promovida pelo art. 611-A, I, da CLT, há que se reconhecer a validade das cláusulas coletivas que determinam a desconsideração como horas extras dos quinze minutos que antecedem ou sucedem o término da jornada diária, na forma prevista pela cláusula 25ª do ACT 2017/2018 (fl. 195 - Id. 69e06f9), na forma já decidida pelo Juízo de origem.													
Rodrigo	0000169-41.2018.5.09.0014	Download	12/2018	S	Negociado Sobre Legislado	Portanto, em especial com fundamento no princípio da autonomia negocial coletiva (art. 7º, XXVI, da CF) e no princípio da intervenção mínima na autonomia coletiva (art. 8º, § 3º, da CLT e art. 611-A da CLT, incluídos pela Lei 13.467/2017), considera-se perfeitamente válida e aplicável ao caso concreto a transcrita cláusula, não sendo possível concluir pela invalidade da norma coletiva apenas pela existência de horas extras, inclusive em sábados. Por outro lado, a norma coletiva acima transcrita não autorizou (e nem poderia) a prestação de horas extras acima dos limites legais expressamente estipulados no art. 59 da CLT. Portanto, constatado, em qualquer dia da semana, excesso de jornada além do máximo legal admitido no art. 59 da CLT, de 02h00 extras, nessa semana será inválido o regime compensatório, não se aplicando a parte final do item IV, da Súmula 85 do C.TST e todo o tempo de trabalho além da jornada normal será devido com o pagamento da hora normal mais o adicional, nos termos do item I da Súmula 36 deste Regional.													
Rodrigo	0001826-58.2017.5.09.0594	Download	12/2018	N	Negociado Sobre Legislado	Quanto ao art. 611-A da CLT, incluído pela Lei 13.467/2017, a sua vigência é posterior à extinção do contrato de trabalho do Reclamante. Não se mostra possível a aplicação retroativa, sob pena de ofensa ao art. 5º, XXXVI, da CF e art. 6º da LINDB.													
Rodrigo	0001899-44.2017.5.09.0654	Download	12/2018	N	Negociado Sobre Legislado	Quanto ao art. 611-A da CLT, incluído pela Lei 13.467/2017, a sua vigência é posterior à extinção do contrato de trabalho do Reclamante. Não se mostra possível a aplicação retroativa, sob pena de ofensa ao art. 5º, XXXVI, da CF e art. 6º da LINDB.													
Rodrigo	0000059-41.2019.5.09.0585	Download	06/2019	S	Negociado Sobre Legislado	"HORAS EXTRAS. ACORDO DE COMPENSAÇÃO SEMANAL. PRESTAÇÃO DE HORAS EXTRAS HABITUAIS. LABOR EM DIA DESTINADO À COMPENSAÇÃO (SÁBADOS). AUTORIZAÇÃO EM NORMA COLETIVA PARA LABOR EM SÁBADOS. VIOLAÇÃO AO LIMITE MÁXIMO LEGAL DE HORAS EXTRAS. APLICAÇÃO PARCIAL DA SÚMULA 36 DO TRT. RESPEITO À AUTONOMIA NEGOCIAL COLETIVA. INTERVENÇÃO MÍNIMA NA VONTADE COLETIVA. Em respeito ao princípio da autonomia negocial coletiva (art. 7º, XXVI, da CF) e ao princípio da intervenção mínima na autonomia coletiva (art. 8º, § 3º, da CLT e art. 611-A da CLT, incluídos pela Lei 13.467/2017), considera-se perfeitamente válida norma coletiva que estabelece que a utilização do regime de compensação de horas de trabalho não impossibilita a realização de horas extraordinárias, mesmo em sábados, determinando a remuneração dessas horas como extras e mantida a validade e eficácia do acordo de compensação. Reconhece-se, assim, a validade do regime de compensação semanal, inclusive nas semanas em que prestadas horas extras habituais e constatado labor em dia destinado à compensação, não se aplicando os itens II e III da Súmula 36 deste TRT. De outra parte, como a prestação de horas extras acima dos limites legais expressamente estipulados no art. 59, "caput", da CLT não foi objeto de negociação coletiva - e, mesmo que o tivesse sido, seria inválida nesse ponto -, aplica-se o entendimento consolidado pelo item I da Súmula 36 deste TRT, de modo que, constatado, em qualquer dia da semana, excesso de jornada além do máximo legal admitido no art. 59 da CLT, de 02h00 extras, nessa semana será inválido o regime compensatório, não se aplicando a parte final do item IV, da Súmula 85 do c.TST e todo o tempo de trabalho além da jornada normal será devido com o pagamento da hora normal mais o adicional. Recurso da ré a que se dá parcial provimento."													
Rodrigo	0001472-33.2017.5.09.0594	Download	09/2019	N	Negociado Sobre Legislado	Ressalte-se que a nova redação do art. 59, §§ 5º e 6º, da CLT, assim como o art. 611-A do diploma celetário, só passaram a vigorar em 11/11/17, quando a Lei 13.467/17 entrou em vigor. Tais disposições são inaplicáveis ao presente caso, pois o contrato de trabalho mantido entre as partes vigorou de 18/04/1989 a 23/06/2016, tendo sido rompido antes de a Lei 13.467/17 entrar em vigor.													
Rodrigo	0001829-13.2017.5.09.0594	Download	12/2018	N	Negociado Sobre Legislado	Quanto ao art. 611-A da CLT, incluído pela Lei 13.467/2017, a sua vigência é posterior à extinção do contrato de trabalho do Reclamante. Não se mostra possível a aplicação retroativa, sob pena de ofensa ao art. 5º, XXXVI, da CF e art. 6º da LINDB.													
Rodrigo	0000764-22.2018.5.09.0020	Download	12/2018	N	Negociado Sobre Legislado	Nem mesmo o teor dos arts. 611-A e 611-B da CLT traz validade à cláusula em comento. A criação de obrigação pecuniária para as empresas em prol do sindicato profissional não está listada no rol das matérias em que a norma coletiva sobressai sobre o legislado. Assim, prevalece o comando do art. 2º da Convenção 98 da OIT, de que não deve existir ingerência de uma classe sobre a outra.		Ademais, segundo o entendimento do E. STF, as convenções de direitos humanos recepcionadas sem o respeito ao rito previsto no art. 5º, §3º da CF foram recepcionadas no ordenamento nacional com o status de norma supralegal (RE 466.343/SP). Sendo assim, em eventual conflito na interpretação do art. 611-A da CLT e da Convenção 98 da OIT, deve prevalecer esta última (critério hierárquico).											
Rodrigo	0000036-88.2017.5.09.0513	Download	12/2018	N	Negociado Sobre Legislado	De início, esclareça-se que não se aplicam as disposições trazidas pela Lei nº 13.467/2017, no aspecto, porquanto o contrato de trabalho objeto desta ação findou-se antes do início de sua vigência (admissão em 17/9/2010 e desligamento em 22/11/2016 - fls. 38-39).													
Rodrigo	0001729-72.2017.5.09.0654	Download	12/2018	N	Negociado Sobre Legislado	Considerando que o vínculo de emprego entre as partes foi rescindido em 17.10.2016, não há se falar em aplicação das normas de direito material advindas com a referida alteração legislativa.													
Rodrigo	0000169-41.2018.5.09.0014	Download	12/2018	S	Negociado Sobre Legislado	Portanto, em especial com fundamento no princípio da autonomia negocial coletiva (art. 7º, XXVI, da CF) e no princípio da intervenção mínima na autonomia coletiva (art. 8º, § 3º, da CLT e art. 611-A da CLT, incluídos pela Lei 13.467/2017), considera-se perfeitamente válida e aplicável ao caso concreto a transcrita cláusula, não sendo possível concluir pela invalidade da norma coletiva apenas pela existência de horas extras, inclusive em sábados. Por outro lado, a norma coletiva acima transcrita não autorizou (e nem poderia) a prestação de horas extras acima dos limites legais expressamente estipulados no art. 59 da CLT. Portanto, constatado, em qualquer dia da semana, excesso de jornada além do máximo legal admitido no art. 59 da CLT, de 02h00 extras, nessa semana será inválido o regime compensatório, não se aplicando a parte final do item IV, da Súmula 85 do C.TST e todo o tempo de trabalho além da jornada normal será devido com o pagamento da hora normal mais o adicional, nos termos do item I da Súmula 36 deste Regional.													
Rodrigo	0000607-73.2018.5.09.0594	Download		N	Negociado Sobre Legislado	Ressalte-se que a nova redação do art. 59, §§ 5º e 6º, da CLT, assim como o art. 611-A do diploma celetário, só passaram a vigorar em 11/11/17, quando a Lei 13.467/17 entrou em vigor. Tais disposições são inaplicáveis ao presente caso, pois o contrato de trabalho mantido entre as partes vigorou de 30/01/1984 a 17/10/2016, tendo sido rompido antes de a Lei 13.467/17 entrar em vigor.													
Rodrigo	0000209-97.2016.5.09.0594	Download	12/2018	N	Negociado Sobre Legislado	Outrossim, inaplicáveis os arts. 611-A, III, e 71, §4º, da CLT, com as modificações promovidas pela Lei nº 13.467/2017, haja vista o Contrato de Trabalho ter sido extinto antes da vigência da referida norma, sendo vedada a sua aplicação retroativa.													
Rodrigo	0000607-73.2018.5.09.0594	Download	03/2019	N	Negociado Sobre Legislado	Ressalte-se que a nova redação do art. 59, §§ 5º e 6º, da CLT, assim como o art. 611-A do diploma celetário, só passaram a vigorar em 11/11/17, quando a Lei 13.467/17 entrou em vigor. Tais disposições são inaplicáveis ao presente caso, pois o contrato de trabalho mantido entre as partes vigorou de 30/01/1984 a 17/10/2016, tendo sido rompido antes de a Lei 13.467/17 entrar em vigor.													
Rodrigo	0000342-48.2017.5.09.0322 	Download	03/2019	N	Negociado Sobre Legislado	Quanto ao art. 611-A da CLT, além de ser inaplicável a situações pretéritas (anterior à vigência da Lei 13.467/2017), o caso concreto envolve descumprimento material do acordo (prestação de jornada além do limite legal  e ausência de saldo de crédito e débito da horas válido).  Ou seja, o cumprimento do requisito formal (autorização em norma coletiva) é insuficiente para a validade do banco de horas, pois também exige-se o seu cumprimento material, o que não ocorreu.													